year,period,fedEffectiveInterest,fedEffIntBehaviour,unempSeas,cpi,cpiEnergy,cpiExclEnergy,balanceGoods,balanceServices,vixVolatility,ecbRate,potus,houseOfRep,fedChair,oilPrice,USDCNY,EURUSD,S&P500,debt,gdpOCDEgr,gdpgr
2000,M01,5.45,UP,4.0,169.3,115.0,176.6,2.356115107913669,0.5580357142857143,23.201999999999998,2.0,D,R,R,25.51,8.2777,0.9695,1394.459961,-0.01558875614196992,0.253570591,-0.648702595
2000,M02,5.73,UP,4.1,170.0,118.8,176.8,7.880930027061358,0.19096117122851686,23.5955,2.25,D,R,R,27.78,8.2786,0.9647,1366.420044,-0.5074880160831471,0.253570591,0.6529382220000001
2000,M03,5.85,UP,4.0,171.0,124.3,177.3,2.979156620050367,-1.814646791963707,22.71826087,2.25,D,R,R,27.49,8.2787,0.9562,1498.579956,-0.510076611255671,0.253570591,0.898203593
2000,M04,6.02,UP,3.8,170.9,120.9,177.6,-4.639623223346696,10.173191675156454,27.16421053,2.5,D,R,R,22.76,8.2799,0.9123,1452.430054,-0.5126917141903348,0.31262183,1.384767557
2000,M05,6.27,UP,4.0,171.2,120.0,178.1,0.5908090181980324,-13.196046128500823,26.37318182,2.75,D,R,R,27.74,8.2773,0.9379,1420.599976,-0.06898370913792624,0.31262183,0.097560976
2000,M06,6.53,UP,4.0,172.2,126.8,178.4,3.7085737286998524,3.6354976980473093,21.54,3.25,D,R,R,29.8,8.2782,0.9526,1454.599976,-0.06903131188578322,0.31262183,0.5847953220000001
2000,M07,6.54,UP,4.0,172.7,127.3,178.9,0.6981639885948784,-3.245369611539092,19.893,3.25,D,R,R,28.68,8.2792,0.9263,1430.829956,-0.06907901566024556,0.14490652199999998,-0.484496124
2000,M08,6.5,DOWN,4.1,172.7,123.8,179.3,-4.134639398396093,-1.6494501832722426,18.08869565,3.25,D,R,R,30.2,8.2786,0.8888,1517.680054,-0.07032685082057998,0.14490652199999998,1.071080818
2000,M09,6.52,UP,3.9,173.6,129.2,179.7,8.04072675308768,-16.09284332688588,19.6875,3.5,D,R,R,33.14,8.2798,0.8839,1436.51001,-0.07037632662629932,0.14490652199999998,0.385356455
2000,M10,6.51,DOWN,3.9,173.9,129.6,179.9,0.8450989322402712,17.923479917447214,25.2,3.75,D,R,R,30.96,8.2775,0.8493,1429.400024,-0.0704259074539079,0.158537346,0.5758157389999999
2000,M11,6.51,SAME,3.9,174.2,129.2,180.3,-1.7166387852271265,-0.8162612035851472,26.38285714,3.75,D,R,R,32.55,8.2777,0.8724,1314.949951,0.6522568669532539,0.158537346,0.0
2000,M12,6.4,DOWN,3.9,174.6,130.1,180.7,2.699521698845566,3.565365025466893,26.5305,3.75,D,R,R,25.66,8.2774,0.9424,1320.280029,0.6480300291561113,0.158537346,-0.190839695
2001,M01,5.98,DOWN,4.2,175.6,135.0,181.2,2.0145261814791184,-9.147574123989218,24.91857143,3.75,D,R,R,25.62,8.2781,0.9365,1366.01001,0.6438576555231161,0.08389993800000001,0.47801147200000005
2001,M02,5.49,DOWN,4.2,176.0,134.1,181.8,-15.434074493697777,0.33579583613163194,23.41157895,3.75,R,R,R,27.5,8.2783,0.9234,1239.939941,-0.2716464029514233,0.08389993800000001,-0.09514747900000001
2001,M03,5.31,DOWN,4.3,176.1,131.7,182.2,8.393876491956409,-2.5482093663911844,28.49681818,3.75,R,R,R,24.5,8.2777,0.8778,1160.329956,-0.2723863131590831,0.08389993800000001,0.19047619
2001,M04,4.8,DOWN,4.4,176.4,132.3,182.5,-6.744218252319623,-18.821603927986907,28.134,3.75,R,R,R,25.66,8.2774,0.8881,1249.459961,-0.2731303001755839,0.058169679,0.760456274
2001,M05,4.21,DOWN,4.3,177.3,138.4,182.8,-10.64970885688017,5.728061716489875,22.94409091,3.5,R,R,R,28.31,8.277000000000001,0.8459,1255.819946,0.4672299449849471,0.058169679,0.754716981
2001,M06,3.97,DOWN,4.5,177.7,136.9,183.4,6.313704097160413,8.875219683655535,20.94047619,3.5,R,R,R,27.85,8.2767,0.85,1224.380005,0.4650570591433629,0.058169679,-0.468164794
2001,M07,3.77,DOWN,4.6,177.4,129.6,183.9,0.9864680463952695,-11.678115799803729,22.31619048,3.5,R,R,R,24.61,8.277000000000001,0.8762,1211.22998,0.4629042900653366,-0.016289576,0.0
2001,M08,3.65,DOWN,4.9,177.4,127.3,184.2,-5.34575184930071,2.3946360153256707,21.86173913,3.5,R,R,R,25.68,8.2769,0.9124,1133.579956,0.7744171197697372,-0.016289576,0.9407337720000001
2001,M09,3.07,DOWN,5.0,178.1,130.9,184.5,5.509649668911653,-24.37455325232309,35.06533333,3.25,R,R,R,25.62,8.2768,0.9117,1040.939941,0.7684659876021386,-0.016289576,-1.584342964
2001,M10,2.49,DOWN,5.3,177.6,122.9,184.9,-0.7268477610238577,1.107445805843544,32.72130435,2.75,R,R,R,20.54,8.2768,0.8998,1059.780029,0.7626056227715974,0.04985546,1.136363636
2001,M11,2.09,DOWN,5.5,177.5,116.9,185.5,-3.1943995058387507,0.3755868544600939,26.63095238,2.25,R,R,R,18.8,8.2772,0.8965,1139.449951,0.3498201187146032,0.04985546,-0.468164794
2001,M12,1.82,DOWN,5.7,177.4,113.9,185.7,-8.891451266775567,2.784116841624829,23.72,2.25,R,R,R,18.71,8.2766,0.8909,1148.079956,0.34860066017931207,0.04985546,1.5051740359999999
2002,M01,1.73,DOWN,5.7,177.7,114.2,186.0,7.646571614506301,1.550213435183105,22.25285714,2.25,R,R,R,19.42,8.2765,0.8585,1130.199951,0.3473896409476279,0.168837328,0.46339203
2002,M02,1.74,UP,5.7,178.0,113.5,186.4,6.662249095778459,-13.19938962360122,22.87578947,2.25,R,R,R,20.28,8.2765,0.8686,1106.72998,0.6639842427905346,0.168837328,-0.36900369
2002,M03,1.73,DOWN,5.7,178.5,117.6,186.6,-0.3268607517797291,25.473843821076574,18.985,2.25,R,R,R,23.7,8.2774,0.8718,1147.390015,0.6596045560433795,0.168837328,0.648148148
2002,M04,1.75,UP,5.9,179.3,121.5,187.0,6.590250465742082,-5.879991972707204,19.90045455,2.25,R,R,R,25.73,8.2773,0.9002,1076.920044,0.6552823004572514,0.206277978,0.367985281
2002,M05,1.75,SAME,5.8,179.5,121.9,187.2,1.43833520350913,5.8212058212058215,20.08772727,2.25,R,R,R,25.35,8.2765,0.9339,1067.140015,0.5506522421438456,0.206277978,0.0
2002,M06,1.75,SAME,5.8,179.6,121.6,187.4,1.1694727291057567,-10.759891145070128,25.271,2.25,R,R,R,24.08,8.2771,0.9918,989.820007,0.5476366846051215,0.206277978,0.641613199
2002,M07,1.73,DOWN,5.8,180.0,122.4,187.7,-2.545811687472539,5.2558508528361765,34.04954545,2.25,R,R,R,25.74,8.2767,0.9775,911.6199949999999,0.5446539437490749,0.156578553,0.6375227689999999
2002,M08,1.74,UP,5.7,180.5,123.1,188.2,5.943698949824971,6.508436862599666,33.74272727,2.25,R,R,R,26.65,8.2768,0.982,916.070007,0.9408828110474405,0.156578553,-0.36199095
2002,M09,1.75,UP,5.7,180.8,123.7,188.4,0.09714396735962696,-15.829037800687285,37.6475,2.25,R,R,R,28.4,8.2773,0.9868,815.280029,0.9321127226603431,0.156578553,0.363306085
2002,M10,1.75,SAME,5.7,181.2,126.9,188.5,-4.2773571048699575,-7.852675469075747,35.24304348,2.25,R,R,R,27.54,8.277000000000001,0.9907,885.76001,0.9235046186158686,0.090814978,-0.09049773800000001
2002,M11,1.34,DOWN,5.9,181.5,126.7,188.9,9.849090203420014,-3.3516878142207327,28.175,2.25,R,R,R,24.34,8.2773,0.9946,936.3099980000001,0.2857433379541004,0.090814978,0.543478261
2002,M12,1.24,DOWN,6.0,181.8,127.1,189.2,7.377881158807359,-4.52952952952953,28.21047619,1.75,R,R,R,28.33,8.2785,1.0501,879.820007,0.2849291873056231,0.090814978,0.630630631
2003,M01,1.24,SAME,5.8,182.6,133.5,189.4,-5.836802291750593,-1.36986301369863,27.42428571,1.75,R,R,R,31.18,8.2784,1.0769,855.7000119999999,0.28411963206895946,0.06743233900000001,0.0
2003,M02,1.26,UP,5.9,183.6,140.8,189.6,-2.8283432674383815,3.6185819070904643,32.21842105,1.75,R,R,R,32.77,8.2775,1.0798,841.150024,1.068540705989303,0.06743233900000001,0.895255148
2003,M03,1.25,DOWN,5.9,183.9,143.9,189.7,7.715669201036402,-9.622085231841329,30.63428571,1.5,R,R,R,30.61,8.2774,1.0924,848.179993,1.0572436124777538,0.06743233900000001,-0.177462289
2003,M04,1.26,UP,6.0,183.2,136.5,189.7,-3.111792401182525,-1.44100054377379,23.99190476,1.5,R,R,R,25.0,8.2772,1.1183,916.919983,1.0461829253172523,0.146971236,0.7111111109999999
2003,M05,1.26,SAME,6.1,182.9,129.4,190.1,-1.2348142236410393,15.038115038115038,20.23952381,1.5,R,R,R,25.86,8.277000000000001,1.1787,963.590027,0.5625196970595961,0.146971236,0.0
2003,M06,1.22,DOWN,6.3,183.1,129.8,190.4,-2.7587306649657153,-1.263157894736842,20.36238095,1.0,R,R,R,27.65,8.2775,1.1511,974.5,0.5593731131182504,0.146971236,1.147396293
2003,M07,1.01,DOWN,6.2,183.7,132.2,190.7,2.3230457711221377,-19.44677284157586,19.16136364,1.0,R,R,R,28.35,8.2774,1.1231,990.3099980000001,0.5562615356492101,0.276939915,0.610820244
2003,M08,1.03,UP,6.1,184.5,137.8,191.0,-3.049689298571461,6.038330270412182,19.27428571,1.0,R,R,R,29.89,8.2772,1.0979999999999999,1008.01001,1.0437545989215256,0.276939915,0.78057242
2003,M09,1.01,DOWN,6.1,185.1,142.9,191.1,4.384907149591108,2.458386683738796,19.53238095,1.0,R,R,R,27.11,8.277000000000001,1.166,995.9699710000001,1.0329728968055052,0.276939915,0.860585198
2003,M10,1.01,SAME,6.0,184.9,137.8,191.5,-0.5311880096980384,4.732861673578921,18.02347826,1.0,R,R,R,29.61,8.2768,1.1584,1050.709961,1.0224116614489587,0.270252704,0.255972696
2003,M11,1.0,DOWN,5.8,185.0,136.9,191.7,-3.0574232236961656,1.9846963175514107,17.40105263,1.0,R,R,R,28.75,8.277000000000001,1.1994,1058.199951,0.6300185790729548,0.270252704,0.765957447
2003,M12,0.98,DOWN,5.7,185.5,138.8,192.0,8.654424732856105,-1.2100677637947725,16.82636364,1.0,R,R,R,29.81,8.2767,1.2588,1111.920044,0.6260741953236344,0.270252704,0.253378378
2004,M01,1.0,UP,5.7,186.3,143.9,192.3,1.3751611516974644,8.482834994462902,16.101,1.0,R,R,R,31.28,8.2768,1.2469,1131.130005,0.6221788938206732,0.212506019,0.0
2004,M02,1.01,UP,5.6,186.7,145.8,192.6,0.32431770897075024,4.017857142857143,15.99842105,1.0,R,R,R,30.86,8.2769,1.249,1144.939941,0.6652296980008878,0.212506019,1.095197978
2004,M03,1.0,DOWN,5.8,187.1,145.1,193.2,4.883301321226937,7.017197074520657,17.6873913,1.0,R,R,R,33.63,8.2771,1.2315,1126.209961,0.6608336226508187,0.212506019,0.833333333
2004,M04,1.0,SAME,5.6,187.4,143.4,193.6,1.2264530594254834,-7.546768707482993,15.69857143,1.0,R,R,R,33.59,8.2771,1.1982,1107.300049,0.6564952947589073,0.187411931,0.082644628
2004,M05,1.0,SAME,5.6,188.2,147.6,194.1,0.7153865180083335,-7.128216807105443,17.705,1.0,R,R,R,37.57,8.2768,1.2186,1120.680054,0.4775598451330309,0.187411931,1.073492981
2004,M06,1.03,UP,5.6,188.9,151.5,194.4,10.826263997285375,-3.610193487494101,15.35714286,1.0,R,R,R,35.18,8.2766,1.2187,1140.839966,0.47529005070296115,0.187411931,-0.40849673200000003
2004,M07,1.26,UP,5.5,189.1,151.1,194.7,-5.054898046485099,11.928512053200333,15.50238095,1.0,R,R,R,38.22,8.2769,1.202,1101.719971,0.47304173042258946,0.168191132,1.312551272
2004,M08,1.43,UP,5.4,189.2,151.5,194.8,1.4578283626655426,-33.001658374792704,16.68409091,1.0,R,R,R,42.74,8.2766,1.2188,1104.23999,0.9711352817520744,0.168191132,0.08097166
2004,M09,1.61,UP,5.4,189.8,152.9,195.2,-1.8588424724930674,17.903335602450646,14.08095238,1.0,R,R,R,43.2,8.2766,1.2432,1114.579956,0.961794964801974,0.168191132,0.242718447
2004,M10,1.76,UP,5.5,190.8,158.6,195.8,6.155034334547775,4.195652173913044,14.97380952,1.0,R,R,R,49.78,8.2765,1.2785,1130.199951,0.9526325794551213,0.178737278,1.049233253
2004,M11,1.93,UP,5.4,191.7,163.8,196.2,6.1972407710721935,1.6463545007483429,13.57714286,1.0,R,R,R,43.11,8.2765,1.3293,1173.819946,0.7871227653865994,0.178737278,0.239616613
2004,M12,2.16,UP,5.4,191.7,162.3,196.4,-6.438689129159333,9.2725509214355,12.45954545,1.0,R,R,R,39.6,8.2765,1.3558,1211.920044,0.7809755420618946,0.178737278,0.478087649
2005,M01,2.28,UP,5.3,191.6,157.2,196.8,2.4942384073486865,8.274021352313166,13.437999999999999,1.0,R,R,R,44.51,8.2765,1.3034,1181.27002,0.7749235656856719,0.212149493,1.427438541
2005,M02,2.5,UP,5.4,192.4,161.8,197.2,3.5714848613803647,6.208277703604806,11.70894737,1.0,R,R,R,45.48,8.2765,1.3237,1203.599976,0.2546218329067553,0.212149493,0.0
2005,M03,2.63,UP,5.2,193.1,163.5,197.8,-7.630324517803525,5.339652448657188,13.12636364,1.0,R,R,R,53.1,8.2765,1.2963,1180.589966,0.2539751694683555,0.212149493,0.54730258
2005,M04,2.79,UP,5.2,193.7,166.7,198.1,5.863847591063701,-14.986376021798366,14.45904762,1.0,R,R,R,51.88,8.2765,1.2873,1156.849976,0.25333175694850907,0.186795512,0.466562986
2005,M05,3.0,UP,5.1,193.6,163.3,198.4,-1.515741010926304,-1.530800442641092,13.96761905,1.0,R,R,R,48.65,8.2765,1.2309999999999999,1191.5,0.40758795906207235,0.186795512,0.077399381
2005,M06,3.04,UP,5.0,193.7,163.7,198.5,3.010958947186365,-1.5165699307245835,11.86863636,1.0,R,R,R,54.35,8.2765,1.2102,1191.329956,0.40593343591270364,0.186795512,1.005413766
2005,M07,3.26,UP,5.0,194.9,172.8,198.8,-0.4057211417024501,-1.1553030303030303,11.049000000000001,1.0,R,R,R,57.52,8.1056,1.213,1234.180054,0.40429226582088135,0.24558528,0.6891271059999999
2005,M08,3.5,UP,4.9,196.1,183.5,199.0,0.9150776642838149,4.710341093665403,12.95130435,1.0,R,R,R,63.98,8.0998,1.2344,1220.329956,0.9889526150805277,0.24558528,0.532319392
2005,M09,3.62,UP,5.0,198.8,208.2,199.2,9.359137955479937,1.1594719942918301,12.62809524,1.0,R,R,R,62.91,8.0922,1.203,1228.810059,0.9792681296627302,0.24558528,0.22692889600000002
2005,M10,3.78,UP,5.0,199.1,205.9,199.8,3.6198909523223874,7.170061268421924,14.93761905,1.0,R,R,R,58.54,8.0832,1.1988,1207.01001,0.9697714546376007,0.21403497800000001,0.377358491
2005,M11,4.0,UP,5.0,198.1,191.0,200.4,-4.807940190770817,-5.3742802303262955,12.14761905,1.0,R,R,R,55.24,8.078,1.1789,1249.47998,0.8123306297654401,0.21403497800000001,0.45112782
2005,M12,4.16,UP,4.9,198.1,187.6,200.7,0.9855779457435796,6.813008130081301,11.26,1.25,R,R,R,56.86,8.0702,1.1843,1248.290039,0.805785003414698,0.21403497800000001,0.973053892
2006,M01,4.29,UP,4.7,199.3,196.6,201.2,3.230365989213816,0.6462035541195477,12.036,1.25,R,R,R,62.99,8.0622,1.2155,1280.079956,0.7993439974120615,0.268706186,0.66716086
2006,M02,4.49,UP,4.8,199.4,194.1,201.5,-7.966634071176697,-33.347694959069365,12.47105263,1.25,R,R,R,60.21,8.0404,1.1921,1280.660034,0.19428229569436042,0.268706186,0.147275405
2006,M03,4.59,UP,4.7,199.7,192.0,202.1,0.7689254157048973,14.716149182436157,11.69391304,1.5,R,R,R,62.06,8.0175,1.2119,1294.869995,0.19390558337497846,0.268706186,1.176470588
2006,M04,4.79,UP,4.7,200.7,198.5,202.5,1.0042644854236105,7.179399727148704,11.84736842,1.5,R,R,R,70.26,8.0139,1.2637,1310.609985,0.1935303054307651,0.18465579,-0.072674419
2006,M05,4.94,UP,4.6,201.3,199.8,203.1,3.613764852769945,8.929958068022986,14.45454545,1.5,R,R,R,69.78,8.024,1.2812,1270.089966,0.3429668208571811,0.18465579,0.509090909
2006,M06,4.99,UP,4.6,201.8,199.8,203.6,-2.2300940798531435,-3.056978233034571,16.91863636,1.75,R,R,R,68.56,7.9925,1.2789,1270.199951,0.34179459061118533,0.18465579,0.14471779999999998
2006,M07,5.24,UP,4.7,202.9,207.9,204.0,4.070879249384347,-1.3956507627393704,15.325999999999999,1.75,R,R,R,73.67,7.97,1.2763,1276.660034,0.34063032283863454,0.098758655,-0.072254335
2006,M08,5.25,UP,4.7,203.8,211.9,204.5,2.0575632629962,3.5831638241276798,13.35173913,2.0,R,R,R,73.23,7.9549,1.2807,1303.819946,0.6742774197977658,0.098758655,0.650759219
2006,M09,5.25,SAME,4.5,202.8,198.1,204.9,-4.117622301098501,-0.7567397130695255,12.1845,2.0,R,R,R,61.96,7.9073,1.2672,1335.849976,0.6697613701125686,0.098758655,-0.07183908
2006,M10,5.25,SAME,4.4,201.9,184.1,205.4,-8.073809018406768,8.904207956340658,11.30636364,2.25,R,R,R,57.81,7.879,1.2763,1377.939941,0.6653054114732523,0.256021507,0.647016535
2006,M11,5.25,SAME,4.5,202.0,184.1,205.5,-0.24165970058515085,3.559556786703601,10.81761905,2.25,R,R,R,58.76,7.8333,1.3241,1400.630005,0.646471837059462,0.256021507,0.642857143
2006,M12,5.24,DOWN,4.4,203.1,192.7,205.8,5.001516048455796,5.842462180490349,10.9645,2.5,R,R,R,62.47,7.8075,1.3199,1418.300049,0.6423194341859781,0.256021507,0.14194464199999998
2007,M01,5.25,UP,4.6,203.437,190.28099999999998,206.42,-5.296845305967313,5.566502463054187,11.0425,2.5,R,R,R,53.68,7.7748,1.3034,1438.23999,0.6382200117179431,0.19428626300000001,0.28348688899999996
2007,M02,5.26,UP,4.5,204.226,192.31,207.084,0.9114191021391985,-2.771801037843311,11.15526316,2.5,R,D,R,57.56,7.7379999999999995,1.3235,1406.819946,0.0677983786431042,0.19428626300000001,1.0600706709999999
2007,M03,5.26,SAME,4.4,205.28799999999998,200.206,207.43200000000002,6.0372283954986194,10.692890245280886,15.16272727,2.75,R,D,R,62.05,7.7308,1.3358,1420.859985,0.06775244358486258,0.19428626300000001,-0.34965035
2007,M04,5.25,DOWN,4.5,205.90400000000002,203.30700000000002,207.79,-2.876073976991408,-8.472290338401177,12.933,2.75,R,D,R,67.49,7.7055,1.3647,1482.369995,0.06770657072872636,0.168637955,0.98245614
2007,M05,5.25,SAME,4.4,206.755,208.635,208.175,-1.14146844392076,5.239920994539329,13.29772727,2.75,R,D,R,67.21,7.6475,1.3453,1530.619995,0.5234116006280436,0.168637955,0.277970813
2007,M06,5.25,SAME,4.6,207.234,209.799,208.585,1.2235218808193669,6.597938144329897,14.94761905,3.0,R,D,R,71.05,7.6135,1.3542,1503.349976,0.5206862571954872,0.168637955,0.138600139
2007,M07,5.26,UP,4.7,207.60299999999998,209.639,209.012,0.6676493540275731,0.7325218140687277,17.27333333,3.0,R,D,R,76.93,7.5725,1.3673,1455.27002,0.5179891698758966,0.128360585,0.0
2007,M08,5.02,DOWN,4.6,207.667,206.412,209.425,-3.1881896808827914,7.686953062848051,25.02608696,3.0,R,D,R,70.76,7.545,1.3630000000000002,1473.98999,0.8130785291311989,0.128360585,0.968858131
2007,M09,4.94,DOWN,4.7,208.547,210.74200000000002,209.947,0.9672893745846562,-1.3709677419354838,22.19894737,3.0,R,D,R,77.17,7.506,1.4272,1526.75,0.8065208701801629,0.128360585,0.548320768
2007,M10,4.76,DOWN,4.7,209.19,212.386,210.489,0.8550637637447107,15.660601938445842,19.11565217,3.0,R,D,R,82.34,7.4715,1.4481,1549.380005,0.8000681642947092,0.204955434,-0.408997955
2007,M11,4.49,DOWN,4.7,210.834,223.81400000000002,211.111,4.797814359989406,2.1708392248190966,25.58238095,3.0,R,D,R,92.41,7.398,1.4632,1481.140015,0.7471410353722466,0.204955434,0.547570157
2007,M12,4.24,DOWN,5.0,211.445,225.649,211.59799999999998,-3.844539335601071,-0.7711004945100998,21.651,3.0,R,D,R,90.93,7.3041,1.459,1468.359985,0.7416002356929672,0.204955434,0.408441116
2008,M01,3.94,DOWN,5.0,212.174,226.775,212.30200000000002,3.5785565744113663,-13.509656550280658,25.81619048,3.0,R,D,R,92.18,7.1822,1.4866,1378.550049,0.7361410122113751,0.053694619000000006,0.06779661
2008,M02,2.98,DOWN,4.9,212.687,229.731,212.56400000000002,3.320739441370935,-7.672608072116369,25.456,3.0,R,D,R,94.99,7.1119,1.5181,1330.630005,0.19181311694739442,0.053694619000000006,-1.219512195
2008,M03,2.61,DOWN,5.1,213.44799999999998,233.34900000000002,213.03400000000002,-4.500972954680053,10.052520040541786,27.1035,3.0,R,D,R,103.64,7.0124,1.5774,1322.699951,0.19144590913720116,0.053694619000000006,0.548696845
2008,M04,2.28,DOWN,5.0,213.942,234.778,213.43400000000003,4.5697984229082005,-0.6118475943265042,21.56272727,3.0,R,D,R,109.07,6.9885,1.5617,1385.589966,0.19108008359875356,-0.017479071000000002,0.272851296
2008,M05,1.98,DOWN,5.4,215.208,243.924,213.89,-0.6037797151675962,7.929327415500171,18.30333333,3.0,R,D,R,122.8,6.9425,1.5554,1400.380005,1.836408803320186,-0.017479071000000002,0.27210884399999996
2008,M06,2.0,UP,5.6,217.463,262.08099999999996,214.50599999999997,-2.1885288990952603,-0.8608815426997245,22.11047619,3.0,R,D,R,132.32,6.8544,1.5756,1280.0,1.8032929724249205,-0.017479071000000002,1.763907734
2008,M07,2.01,UP,5.8,219.016,271.149,215.28900000000002,6.881537589529551,-7.695160393102169,24.32136364,3.25,R,D,R,132.72,6.8315,1.5601,1267.380005,1.7713503362935143,-0.24536792600000001,-0.6
2008,M08,2.0,DOWN,6.1,218.69,262.566,215.82,-8.508407766176038,-14.343263012827308,20.69571429,3.25,R,D,R,113.24,6.8487,1.4674,1282.829956,2.195435335849458,-0.24536792600000001,-0.40241448700000004
2008,M09,1.81,DOWN,6.1,218.877,260.125,216.283,-1.5399682071079823,5.253113700281237,30.23857143,3.25,R,D,R,97.23,6.8451,1.4104,1166.359985,2.14827133243974,-0.24536792600000001,-0.5387205389999999
2008,M10,0.97,DOWN,6.5,216.995,238.065,216.486,-0.4533918845704183,-0.08041817450743868,61.1773913,3.25,R,D,R,71.58,6.8395,1.2733,968.75,2.1030913180193465,0.0,-1.015572106
2008,M11,0.39,DOWN,6.8,213.153,195.155,216.683,-30.852036342605548,-12.064886786076377,62.63947368,2.75,R,D,R,52.45,6.8259,1.2697,896.23999,1.3131918286346456,0.0,0.205198358
2008,M12,0.16,DOWN,7.3,211.398,176.583,216.665,-3.1125560279322086,6.7639953786366975,52.405,2.0,R,D,R,39.95,6.8229999999999995,1.3980000000000001,903.25,1.2961705320852792,0.0,-1.8430034130000001
2009,M01,0.15,DOWN,7.8,211.933,178.66099999999997,217.044,-10.217538800780256,-2.1237798991740857,44.683,2.0,R,D,R,43.44,6.835,1.2783,825.880005,1.2795850180206754,0.0,0.278164117
2009,M02,0.22,UP,8.3,212.705,183.72099999999998,217.375,-26.245349179581893,2.7942863100823687,45.57052632,1.0,D,D,R,43.32,6.8396,1.2669,735.090027,1.2377054548319926,0.0,-0.208044383
2009,M03,0.18,DOWN,8.7,212.495,178.415,217.69400000000002,4.148706896551724,2.2623051054723327,44.79545455,0.5,D,D,R,46.54,6.8334,1.3251,797.869995,1.2225735081577367,0.0,-0.34746351600000003
2009,M04,0.15,DOWN,9.0,212.709,177.55200000000002,218.02200000000002,1.4388671134150968,0.2642544974082732,38.06380952,0.25,D,D,R,50.18,6.8185,1.3227,872.8099980000001,1.2078072631444459,0.043437834,-0.069735007
2009,M05,0.18,UP,9.4,213.02200000000002,179.83,218.13299999999998,-11.093943139678615,3.7562359385698914,31.978,0.25,D,D,R,57.3,6.8282,1.4154,919.1400150000001,1.04156877933102,0.043437834,0.13956734099999998
2009,M06,0.21,UP,9.5,214.79,197.033,218.308,3.3872543697752686,2.4243581177818077,29.14045455,0.25,D,D,R,68.61,6.8305,1.4036,919.320007,1.0308318715596636,0.043437834,0.0
2009,M07,0.16,DOWN,9.5,214.726,195.778,218.36700000000002,13.99425756903756,-4.269506369426751,26.16272727,0.25,D,D,R,64.44,6.832000000000001,1.425,987.4799800000001,1.0203142312382674,0.158333169,-0.209059233
2009,M08,0.16,SAME,9.6,215.445,201.583,218.562,-2.448881980150664,4.749265333206939,25.33714286,0.25,D,D,R,72.51,6.8304,1.433,1020.6199949999999,1.111292060962958,0.158333169,0.698324022
2009,M09,0.15,DOWN,9.8,215.861,202.77700000000002,218.90099999999998,7.685005298481102,2.3692734844979175,24.92666667,0.25,D,D,R,67.65,6.8265,1.4636,1057.079956,1.0990781745836347,0.158333169,-2.219140083
2009,M10,0.12,DOWN,10.0,216.50900000000001,204.71900000000002,219.419,0.12127626733699368,6.239153071850052,24.25227273,0.25,D,D,R,72.77,6.8275,1.4718,1036.189941,1.0871296882250683,0.248641511,3.5460992910000004
2009,M11,0.12,SAME,9.9,217.234,210.93200000000002,219.578,7.582735572220411,2.906731822394473,23.7835,0.25,D,D,R,76.66,6.8275,1.5009,1095.630005,1.234827843133908,0.248641511,-0.068493151
2009,M12,0.12,SAME,9.9,217.347,209.915,219.80900000000003,1.5409309791332264,-0.1012060386269714,21.23954545,0.25,D,D,R,74.46,6.827000000000001,1.4318,1115.099976,1.2197657567047695,0.248641511,-0.548320768
2010,M01,0.11,DOWN,9.8,217.488,212.80700000000002,219.69099999999997,-1.556769092835602,-0.7049430949549855,20.64315789,0.25,D,D,R,76.17,6.8269,1.3863,1073.869995,1.2050668423063016,0.173843981,0.689179876
2010,M02,0.13,UP,9.8,217.28099999999998,209.62400000000002,219.78400000000002,5.657548203541014,-7.9787234042553195,22.54,0.25,D,D,R,73.75,6.8261,1.3626,1104.48999,1.1062986205633687,0.173843981,0.273785079
2010,M03,0.16,UP,9.9,217.35299999999998,209.326,219.894,-0.9117538652544181,6.811383642423724,17.7673913,0.25,D,D,R,78.83,6.8259,1.3512,1169.430054,1.0941934964299571,0.173843981,0.8873720140000001
2010,M04,0.2,UP,9.9,217.403,209.21900000000002,219.959,1.7009591731660343,-0.6710831971091801,17.42428571,0.25,D,D,R,84.82,6.8252,1.3298,1186.689941,1.0823505627114858,0.27323683,0.40595399200000004
2010,M05,0.2,SAME,9.6,217.29,206.63099999999997,220.097,2.1550115680274646,5.102873938602221,31.9295,0.25,D,D,R,75.95,6.8278,1.2306,1089.410034,0.9003581517634015,0.27323683,0.269541779
2010,M06,0.18,DOWN,9.4,217.199,203.764,220.28599999999997,9.299216462743903,1.6066838046272494,29.91636364,0.25,D,D,R,74.76,6.7817,1.2236,1030.709961,0.8923241132649383,0.27323683,0.47043010799999996
2010,M07,0.18,SAME,9.4,217.605,206.877,220.421,-10.624157555788528,2.337988388514044,25.565238100000002,0.25,D,D,R,75.58,6.774,1.3048,1101.599976,0.8844320391764353,0.22028928,0.468227425
2010,M08,0.19,UP,9.5,217.923,208.77,220.582,8.106248279658685,2.8209820067093627,24.74590909,0.25,D,D,R,77.04,6.8075,1.2687,1049.329956,1.1266351432504436,0.22028928,0.133155792
2010,M09,0.19,SAME,9.5,218.275,209.832,220.864,-1.448567140214318,2.272557931599732,22.51761905,0.25,D,D,R,77.84,6.6917,1.3633,1141.199951,1.1140834871589607,0.22028928,0.531914894
2010,M10,0.19,SAME,9.4,219.035,216.71,221.011,-6.668404199865962,3.9848333094863357,20.37333333,0.25,D,D,R,82.67,6.6707,1.395,1183.26001,1.1018084214751789,0.160920544,0.661375661
2010,M11,0.19,SAME,9.8,219.59,219.49599999999998,221.345,-2.5408036651713277,3.8784211250171916,20.09571429,0.25,D,D,R,85.28,6.667000000000001,1.298,1180.550049,0.5786763988667064,0.160920544,-0.197109067
2010,M12,0.18,DOWN,9.3,220.472,227.13,221.55,6.386818920995729,2.6900428265524625,17.56954545,0.25,D,D,R,91.45,6.5906,1.3379,1257.640015,0.5753470015571082,0.160920544,0.658327847
2011,M01,0.17,DOWN,9.1,221.187,229.25799999999998,222.128,10.62147614560207,2.051517336304647,17.3155,0.25,D,D,R,96.52,6.6049,1.3686,1286.119995,0.5720556962614314,0.077724978,-0.9156311309999999
2011,M02,0.16,DOWN,9.0,221.898,232.06799999999998,222.632,-4.870940185256528,2.411411027248305,17.43,0.25,D,R,R,103.72,6.5716,1.3802,1327.219971,0.17016639226005933,0.077724978,0.066006601
2011,M03,0.14,DOWN,9.0,223.046,240.079,223.09400000000002,0.09204096659749648,3.099045493987852,20.72347826,0.25,D,R,R,114.64,6.5486,1.4166,1325.829956,0.16987738787627976,0.077724978,1.583113456
2011,M04,0.1,DOWN,9.1,224.093,247.977,223.455,-3.3644116171662835,-3.171761094769152,16.244,0.5,D,R,R,123.26,6.4910000000000005,1.4802,1363.609985,0.1695892244117328,0.111269818,0.5844155839999999
2011,M05,0.09,DOWN,9.0,224.80599999999998,250.74400000000003,223.965,8.34997939059577,1.7404963870562362,16.91142857,0.5,D,R,R,114.99,6.4795,1.4396,1345.199951,1.0287232092777092,0.111269818,-0.12911555800000002
2011,M06,0.09,SAME,9.1,224.80599999999998,245.53400000000002,224.49400000000003,3.8430463879022545,1.1122157325711446,19.15318182,0.5,D,R,R,113.83,6.4642,1.4506,1320.640015,1.018248320773978,0.111269818,-0.323206206
2011,M07,0.07,DOWN,9.0,225.395,246.187,225.08,-5.692327522314955,0.18605805011163484,19.2275,0.75,D,R,R,116.97,6.437,1.4396,1292.280029,1.0079844682407577,0.163487818,0.84306096
2011,M08,0.1,UP,9.0,226.106,246.88,225.799,-0.22931335185065566,4.817001180637544,35.02913043,0.75,D,R,R,110.22,6.379,1.4379,1218.890015,0.9655469803556052,0.163487818,0.643086817
2011,M09,0.08,DOWN,9.0,226.597,248.55,226.175,-3.492997292509276,-5.282784338098198,36.53,0.75,D,R,R,112.83,6.3822,1.3386,1131.420044,0.9563133259144995,0.163487818,-0.575079872
2011,M10,0.07,DOWN,8.8,226.75,246.655,226.53599999999997,1.6971429510243645,-1.2395394198703833,32.82904762,0.75,D,R,R,109.55,6.3552,1.3858,1253.300049,0.9472546039069982,0.13398675300000001,1.799485861
2011,M11,0.08,UP,8.6,227.169,247.64,226.90099999999998,2.903313286646354,-0.5949743654661688,31.94190476,0.5,D,R,R,110.77,6.3788,1.3443,1246.959961,0.8329164315901462,0.13398675300000001,-0.378787879
2011,M12,0.07,DOWN,8.5,227.22299999999998,243.35299999999998,227.396,3.6577681466795764,-0.1013748970411202,25.04761905,0.25,D,R,R,107.87,6.2939,1.2948,1257.599976,0.8260363040875806,0.13398675300000001,-0.253485425
2012,M01,0.08,UP,8.3,227.842,244.87599999999998,227.893,2.4994380759721286,-0.7983139609145484,20.227999999999998,0.25,D,R,R,110.69,6.309,1.3078,1312.410034,0.819268782440773,0.130093448,0.762388818
2012,M02,0.1,UP,8.3,228.329,248.898,228.015,-10.864689758285571,5.217917675544794,18.4205,0.25,D,R,R,119.33,6.2938,1.3326,1365.680054,0.5279991172513051,0.130093448,1.32408575
2012,M03,0.13,UP,8.2,228.80700000000002,249.74200000000002,228.458,10.117812187364681,2.1442956995616633,16.16727273,0.25,D,R,R,125.45,6.297999999999999,1.3344,1408.469971,0.5252258659130037,0.130093448,-0.560049782
2012,M04,0.14,UP,8.2,229.187,249.67700000000002,228.888,-4.516441156733305,-1.2595969289827256,17.823,0.25,D,R,R,119.75,6.3099,1.324,1397.910034,0.5224817198471371,0.039258285,0.688360451
2012,M05,0.16,UP,8.2,228.713,241.80599999999998,229.183,-2.37741456166419,0.7796226864250432,21.00181818,0.25,D,R,R,110.34,6.3688,1.2358,1310.329956,0.44206633437648624,0.039258285,0.186451212
2012,M06,0.16,SAME,8.2,228.524,235.89700000000002,229.592,-3.5984440950095173,0.45026364121097223,21.13095238,0.25,D,R,R,95.16,6.3537,1.266,1362.160034,0.44012070889185617,0.039258285,0.18610421800000002
2012,M07,0.16,SAME,8.2,228.59,233.56799999999998,229.90900000000002,-1.1586825845988982,-4.494521141583607,17.565238100000002,0.0,D,R,R,102.62,6.362,1.2304,1379.319946,0.43819213456290956,0.052595243,0.5572755420000001
2012,M08,0.13,DOWN,8.1,229.918,244.987,230.192,2.2680783517976075,4.016875631350644,15.68956522,0.0,D,R,R,113.36,6.3485,1.2577,1406.579956,0.7546348303146712,0.052595243,-0.492610837
2012,M09,0.14,UP,7.8,231.015,252.987,230.575,-6.432005016023408,2.655020823692735,15.28473684,0.0,D,R,R,112.86,6.2845,1.2858,1440.670044,0.7489828064937479,0.052595243,0.742574257
2012,M10,0.16,UP,7.8,231.638,256.017,230.951,5.1680568172433725,1.2847598926511734,16.27619048,0.0,D,R,R,111.71,6.2373,1.296,1412.160034,0.7434146973752996,0.022010644,-0.42997543
2012,M11,0.16,SAME,7.7,231.24900000000002,248.81900000000002,231.27200000000002,6.37564173934558,2.5322796081923418,16.70190476,0.0,D,R,R,109.06,6.2267,1.2986,1416.180054,0.6822573780063361,0.022010644,0.370141888
2012,M12,0.16,SAME,7.9,231.22099999999998,244.708,231.671,-14.097180563887223,3.1113507684011865,17.307000000000002,0.0,D,R,R,109.49,6.2303,1.3196,1426.189941,0.6776341092705278,0.022010644,0.86047941
2013,M01,0.14,DOWN,8.0,231.679,245.025,232.14700000000002,6.7243762754262395,4.7802423495584305,13.5052381,0.0,D,R,R,112.96,6.2188,1.3579,1498.109985,0.6730731953439012,0.16488108699999998,0.548446069
2013,M02,0.15,UP,7.7,232.937,255.696,232.43,1.5967611336032388,1.1922276901222668,14.07263158,0.0,D,R,R,116.05,6.2214,1.3056,1514.680054,-0.06575234397983916,0.16488108699999998,-0.424242424
2013,M03,0.14,DOWN,7.5,232.282,246.595,232.65400000000002,-11.033193080878915,0.8151763699491773,13.0315,0.0,D,R,R,108.47,6.2108,1.2819999999999998,1569.189941,-0.06579566587623245,0.16488108699999998,0.36518563600000004
2013,M04,0.15,UP,7.6,231.797,240.47299999999998,232.755,4.781961066310545,-0.9140303661199412,13.96727273,0.0,D,R,R,102.25,6.165,1.3167,1597.569946,-0.06583892529238343,0.139324007,0.18192844100000002
2013,M05,0.11,DOWN,7.5,231.893,240.468,232.862,6.089011801781522,-0.9535038704054954,13.49363636,0.0,D,R,R,102.56,6.1348,1.2999,1630.73999,-0.0002788220689184163,0.139324007,-0.363196126
2013,M06,0.09,DOWN,7.5,232.445,242.71099999999998,233.24099999999999,-11.964427162094045,1.400121310149616,17.2715,0.0,D,R,R,102.92,6.1376,1.301,1606.280029,-0.00027876310268744266,0.139324007,1.093560146
2013,M07,0.09,SAME,7.3,232.9,242.986,233.71900000000002,4.141644232760406,2.2433046743749383,13.97454545,0.0,D,R,R,107.93,6.1289,1.3302,1685.72998,-0.00027882362359542967,0.19417805,0.300480769
2013,M08,0.08,DOWN,7.2,233.456,244.833,234.144,0.16539177175935496,-2.2637695805962608,14.21,0.0,D,R,R,111.28,6.1195,1.3222,1632.969971,0.825436574021983,0.19417805,0.539245057
2013,M09,0.08,SAME,7.2,233.544,242.745,234.46099999999998,5.826235093696763,1.9034400713790027,14.692,0.0,D,R,R,111.6,6.1215,1.3526,1681.550049,0.8186788989661162,0.19417805,0.059594756
2013,M10,0.09,UP,7.2,233.669,241.954,234.683,-6.688476917484551,-0.0843379471151461,15.40782609,0.0,D,R,R,109.08,6.0945,1.3584,1756.540039,0.8120309727392309,0.150955224,0.595592615
2013,M11,0.08,DOWN,6.9,234.1,242.718,235.082,-4.587504752249398,-0.38846556103391605,12.924000000000001,0.0,D,R,R,107.79,6.0932,1.3591,1805.810059,0.8574037392528798,0.150955224,0.947306098
2013,M12,0.09,UP,6.7,234.71900000000002,245.733,235.456,0.7010983874737088,4.0292515055922,14.19238095,0.0,D,R,R,110.76,6.053999999999999,1.3746,1848.359985,0.8501148797829139,0.150955224,0.058651025999999995
2014,M01,0.07,DOWN,6.6,235.28799999999998,250.34,235.675,7.010915899098979,3.2866454028567467,14.24095238,0.0,D,R,R,108.12,6.061,1.3487,1782.589966,0.8429487898769683,0.11160199400000001,-0.586166471
2014,M02,0.07,SAME,6.7,235.547,249.925,236.003,3.136435765406911,-1.5872270486029585,15.47,0.0,D,R,R,108.9,6.1451,1.3802,1859.449951,0.05939050697409317,0.11160199400000001,0.412735849
2014,M03,0.08,UP,6.7,236.028,249.96099999999998,236.532,3.106467099689353,2.504349418551415,14.83666667,0.0,D,R,D,107.48,6.2172,1.3771,1872.339966,0.059355198873759576,0.11160199400000001,0.46975924799999996
2014,M04,0.09,UP,6.2,236.468,249.864,237.03,4.043719137661086,0.2602858578017261,14.19809524,0.0,D,R,D,107.76,6.2594,1.3867,1883.949951,0.05932004605559602,0.140458418,0.584453536
2014,M05,0.09,SAME,6.3,236.918,249.213,237.593,-6.241003166885257,1.235737157804537,12.475238099999999,0.0,D,R,D,109.54,6.2479,1.3631,1923.569946,0.3606471949601215,0.140458418,0.813480535
2014,M06,0.1,UP,6.1,237.231,249.71400000000003,237.889,-1.8091221442412597,-2.236259682773884,11.54142857,-0.1,D,R,D,111.8,6.2038,1.3692,1960.22998,0.3593511488163124,0.140458418,0.34582132600000004
2014,M07,0.09,DOWN,6.2,237.498,248.74400000000003,238.282,0.6053249170510642,-0.5237543453070683,12.29636364,-0.1,D,R,D,106.77,6.1739999999999995,1.3389,1930.6700440000002,0.3580644960402244,0.21498817399999998,0.804135554
2014,M08,0.09,SAME,6.1,237.46,245.699,238.543,-4.009898489975254,-0.00927084781903305,13.49190476,-0.1,D,R,D,101.61,6.1433,1.3133,2003.369995,0.5900268501787688,0.21498817399999998,0.797720798
2014,M09,0.09,SAME,5.9,237.477,241.61,238.96900000000002,7.020097670924117,0.5944152612662428,13.46666667,-0.2,D,R,D,97.09,6.1385,1.2632,1972.290039,0.586565953558765,0.21498817399999998,-0.339174675
2014,M10,0.09,SAME,5.7,237.43,237.06099999999998,239.37,-2.3452518262206845,-0.13842746400885936,18.05869565,-0.2,D,R,D,87.43,6.1127,1.2525,2018.050049,0.5831454210590954,0.17096226899999997,0.45377198
2014,M11,0.09,SAME,5.8,236.983,229.016,239.676,-1.5371102327624067,-1.3089005235602094,13.41315789,-0.2,D,R,D,79.44,6.1432,1.2452,2067.560059,0.019494812012563322,0.17096226899999997,0.338791643
2014,M12,0.12,UP,5.6,236.252,218.53599999999997,239.90900000000002,5.799521941652365,2.275011420740064,16.29227273,-0.2,D,R,D,62.34,6.2061,1.2099,2058.899902,0.019491067366566375,0.17096226899999997,-0.22509848100000002
2015,M01,0.11,DOWN,5.7,234.718,199.47099999999998,240.107,-3.3263144562481197,2.180713200464742,19.1195,-0.2,D,R,D,47.76,6.25,1.1288,1994.9899899999998,0.019487214010347986,0.21638453,0.338409475
2015,M02,0.11,SAME,5.5,235.236,202.079,240.422,-8.482756251717506,1.7086133438749067,15.90421053,-0.2,D,R,D,58.1,6.2696,1.1196,2104.5,-0.00010648942787868365,0.21638453,0.7869589659999999
2015,M03,0.11,SAME,5.4,236.005,206.148,240.868,19.029871502475384,-1.6111755779701866,14.81272727,-0.2,D,R,D,55.89,6.1995,1.0731,2067.889893,-0.0001065446316625805,0.21638453,-0.167317345
2015,M04,0.12,UP,5.4,236.15599999999998,202.898,241.359,-13.289115056795803,-0.6016522988505747,13.4947619,-0.2,D,R,D,59.52,6.2028,1.1224,2085.51001,-0.00010648965473779724,0.163404584,0.670391061
2015,M05,0.12,SAME,5.6,236.97400000000002,209.12,241.645,-4.201004695143974,-0.004490144133626689,13.3385,-0.2,D,R,D,64.08,6.1983,1.0988,2107.389893,-0.002534220516189868,0.163404584,0.277469478
2015,M06,0.13,UP,5.3,237.68400000000003,212.476,242.09799999999998,5.854533090167228,0.8238332739579622,14.33954545,-0.2,D,R,D,61.48,6.2010000000000005,1.1138,2063.110107,-0.0025342847405537016,0.163404584,0.664084117
2015,M07,0.13,SAME,5.2,238.053,212.324,242.523,-3.732324365921698,-4.136523836023001,14.35272727,-0.2,D,R,D,56.56,6.2097,1.0988,2103.840088,-0.0025343489681728744,0.14447558300000002,-0.16492578300000002
2015,M08,0.14,UP,5.1,238.028,208.87,242.83900000000003,5.333292860611947,-0.1579191825359963,19.42809524,-0.2,D,R,D,46.52,6.3764,1.1215,1972.180054,1.3971627795926782,0.14447558300000002,0.220264317
2015,M09,0.14,SAME,5.0,237.50599999999997,197.324,243.40900000000002,-3.7655322298691276,-1.4895823512774582,24.37714286,-0.2,D,R,D,47.62,6.3571,1.1177,1920.030029,1.3779111183117572,0.14447558300000002,0.6593406589999999
2015,M10,0.12,DOWN,5.0,237.78099999999998,196.014,243.845,-0.8961911874533234,2.1449328843581346,16.78954545,-0.2,D,R,D,48.43,6.3181,1.1005,2079.360107,1.3591827875637368,0.08357696,-0.21834061100000002
2015,M11,0.12,SAME,5.1,238.016,194.365,244.269,-1.2712614453759876,-1.1005922678729656,16.21,-0.2,D,R,D,44.27,6.3982,1.0564,2080.409912,0.6001824712708561,0.08357696,-0.054704595
2015,M12,0.24,UP,5.0,237.817,190.299,244.454,0.8108410081243715,-0.3697809398988953,18.02545455,-0.3,D,R,D,38.01,6.4936,1.0859999999999999,2043.939941,0.5966018239178982,0.08357696,0.27367268699999997
2016,M01,0.34,UP,4.9,237.833,186.122,244.891,-0.6247791590376153,-5.215464171386358,23.71789474,-0.3,D,R,D,30.7,6.5761,1.0837,1940.2399899999998,0.593063544089074,0.149951353,-0.163755459
2016,M02,0.38,UP,4.9,237.46900000000002,176.407,245.433,3.710118927947294,-4.4657097288676235,22.517,-0.3,D,R,D,32.18,6.553999999999999,1.0873,1932.22998,0.20143160243439862,0.149951353,-0.27337342800000003
2016,M03,0.36,DOWN,5.0,238.03799999999998,181.074,245.608,-10.631854500658717,2.7858357507252176,15.84909091,-0.4,D,R,D,38.21,6.449,1.138,2059.73999,0.20102667118930148,0.149951353,1.151315789
2016,M04,0.37,UP,5.0,238.827,185.405,246.06,1.4467582834499622,1.9084531227002894,14.30047619,-0.4,D,R,D,41.58,6.4741,1.1456,2065.300049,0.20062336471758174,0.124384915,0.43360433600000003
2016,M05,0.37,SAME,4.8,239.46400000000003,188.40099999999998,246.47299999999998,3.3301819130207995,2.8270404271548437,14.85285714,-0.4,D,R,D,46.74,6.5829,1.1132,2096.949951,0.3288739851772405,0.124384915,-0.161899622
2016,M06,0.38,UP,4.9,240.167,193.06799999999998,246.796,6.2157947839911944,2.699693849151127,17.77454545,-0.4,D,R,D,48.25,6.648,1.1105,2098.860107,0.32779600066373005,0.124384915,0.37837837799999996
2016,M07,0.39,UP,4.8,240.15,190.08900000000003,247.067,-3.693488047682455,0.7641318357576874,13.1585,-0.4,D,R,D,44.95,6.6373,1.1174,2173.600098,0.32672495822783476,0.11063838,0.538502962
2016,M08,0.4,UP,4.9,240.602,189.795,247.595,-1.6549301448668159,-6.615626226933648,12.39956522,-0.4,D,R,D,45.84,6.6793,1.1158,2170.949951,0.6822676759848819,0.11063838,0.8034279590000001
2016,M09,0.4,SAME,5.0,241.051,191.77200000000002,247.9,-2.78592132505176,4.454656288099034,14.21952381,-0.4,D,R,D,46.57,6.6716,1.1241,2168.27002,0.6776442777225776,0.11063838,0.478214665
2016,M10,0.4,SAME,4.9,241.69099999999997,195.824,248.21400000000003,2.6492308684575447,-6.544764188649081,14.5852381,-0.4,D,R,D,49.52,6.7758,1.0981,2126.149902,0.6730832178703945,0.2252295,-0.317292438
2016,M11,0.41,UP,4.7,242.02900000000002,195.519,248.61700000000002,7.291915809614925,1.2238452427951045,15.23619048,-0.4,D,R,D,44.73,6.8868,1.0588,2198.810059,-0.2180716364999816,0.2252295,0.901856764
2016,M12,0.54,UP,4.7,242.77200000000002,200.266,248.977,-4.631266129662939,0.9579667644183774,12.47238095,-0.4,D,R,D,53.31,6.945,1.0516,2238.830078,-0.21854822819775416,0.2252295,0.262881178
2017,M01,0.65,UP,4.7,243.78,206.048,249.52900000000002,4.978821431225384,1.9598447457951986,11.6085,-0.4,D,R,D,54.58,6.8816,1.0798,2278.8701170000004,-0.21902690762364194,0.187298204,0.10487677
2017,M02,0.66,UP,4.7,243.96099999999998,203.17,250.01,-4.601632335794792,1.6633682028084065,11.53052632,-0.4,R,R,D,54.87,6.8678,1.0577,2363.639893,-0.0031341647234341494,0.187298204,0.209533787
2017,M03,0.79,UP,4.4,243.74900000000002,201.52599999999998,249.935,1.9211709994663413,-0.7979481333713309,11.89782609,-0.4,R,R,D,51.59,6.8871,1.0652,2362.719971,-0.003134262956398069,0.187298204,0.679560899
2017,M04,0.9,UP,4.4,244.051,202.399,250.18400000000003,3.7340926771272147,-1.4895155459146783,13.13631579,-0.4,R,R,D,52.31,6.8935,1.0897,2384.199951,-0.0031343611955199397,0.184199582,-0.2596054
2017,M05,0.91,UP,4.4,243.96200000000002,198.59599999999998,250.455,-1.7959866720456616,-2.4798695845477448,10.86227273,-0.4,R,R,D,50.33,6.8101,1.1243,2411.800049,0.6679780366652728,0.184199582,0.9370119729999999
2017,M06,1.04,UP,4.3,244.18200000000002,198.265,250.731,-1.1470801595937614,1.5370397392869304,10.51363636,-0.4,R,R,D,46.37,6.7809,1.1426,2423.409912,0.663545647752098,0.184199582,0.46415678200000005
2017,M07,1.15,UP,4.3,244.39,197.34900000000002,251.05,-1.5033441737743143,2.22570980168355,10.2645,-0.4,R,R,D,48.48,6.7265,1.1842,2470.300049,0.6591717914141427,0.21076926699999998,0.154004107
2017,M08,1.16,UP,4.4,245.297,202.338,251.567,-0.15209943308393123,1.7429906542056075,11.97565217,-0.4,R,R,D,51.7,6.5899,1.1909999999999998,2471.649902,0.4064228572797444,0.21076926699999998,0.461301896
2017,M09,1.15,DOWN,4.2,246.418,211.137,251.952,0.3322818730285119,1.5412928456406718,10.437999999999999,-0.4,R,R,D,56.15,6.6534,1.1814,2519.360107,0.40477769919374856,0.21076926699999998,0.663265306
2017,M10,1.15,SAME,4.1,246.58700000000002,207.771,252.46599999999998,2.9080312806636734,0.2249357326478149,10.12545455,-0.4,R,R,D,57.51,6.6349,1.1646,2575.26001,0.40314590327983746,0.213508022,0.253421186
2017,M11,1.16,UP,4.2,247.332,213.13400000000001,252.769,5.606466733092889,1.594615349866739,10.54047619,-0.4,R,R,D,62.71,6.6128,1.1904,2584.840088,0.9615701534354273,0.213508022,0.8594539940000001
2017,M12,1.3,UP,4.1,247.90099999999998,214.055,253.308,1.9551996477613582,0.7398439601829432,10.2645,-0.4,R,R,D,64.37,6.5066,1.1998,2673.610107,0.9524120908998907,0.213508022,0.350877193
2018,M01,1.41,UP,4.1,248.88400000000001,217.542,254.037,2.912180394880975,1.947680808969004,11.06238095,-0.4,R,R,D,69.08,6.2888,1.2421,2823.810059,0.9434267332073768,0.152233843,0.3996004
2018,M02,1.42,UP,4.1,249.36900000000003,218.955,254.43400000000003,1.3325600706480907,-3.147249557843182,22.46473684,-0.4,R,R,D,65.32,6.3311,1.2194,2713.830078,0.16635591534315589,0.152233843,0.39800995
2018,M03,1.51,UP,4.0,249.498,215.801,254.89,-8.401320207461172,3.335963527967736,19.02380952,-0.4,R,R,R,66.02,6.2753,1.2323,2640.8701170000004,0.16607967923173705,0.152233843,0.148662042
2018,M04,1.69,UP,3.9,249.956,217.69,255.209,0.4310590109827576,-3.343299809730905,18.26761905,-0.4,R,R,R,72.11,6.3332,1.2079,2648.050049,0.16580426485969715,0.162757264,0.7916872840000001
2018,M05,1.7,UP,3.8,250.646,220.967,255.648,-5.432728363581821,1.0932879290258983,14.12454545,-0.4,R,R,R,76.98,6.4103,1.1692,2705.27002,0.502279919703563,0.162757264,1.080019637
2018,M06,1.82,UP,4.0,251.13400000000001,222.361,256.05,3.9807587061093987,-1.4270132703144882,13.67809524,-0.4,R,R,R,74.41,6.621,1.1685,2718.3701170000004,0.4997696769713685,0.162757264,-0.097134531
2018,M07,1.91,UP,3.9,251.597,222.269,256.572,6.342397755476422,-1.4289665345256752,13.14761905,-0.4,R,R,R,74.25,6.8127,1.1691,2816.290039,0.4972844003302092,0.101180276,0.777831794
2018,M08,1.91,SAME,3.8,251.87900000000002,223.34099999999998,256.779,3.0851286341769506,-0.40264729023001805,12.54695652,-0.4,R,R,R,72.53,6.8315,1.1601,2901.52002,0.7046064921771712,0.101180276,0.0
2018,M09,1.95,UP,3.7,252.01,221.077,257.149,1.0016824123204349,-2.0353230071779373,12.91052632,-0.4,R,R,R,78.89,6.8689,1.1609,2913.97998,0.699676571457006,0.101180276,0.24119633399999998
2018,M10,2.19,UP,3.8,252.794,225.612,257.566,0.04268915824741601,-2.7412546698364952,19.35217391,-0.4,R,R,R,81.03,6.9756,1.1312,2711.73999,0.6948150677051662,0.07127806099999999,0.769971126
2018,M11,2.2,UP,3.7,252.76,219.295,258.156,-4.308460396707597,-0.7232566094902996,19.38904762,-0.4,R,R,R,64.75,6.9605,1.1317,2760.169922,0.08152046396457188,0.07127806099999999,-0.334288443
2018,M12,2.27,UP,3.9,252.72299999999998,213.565,258.684,8.404399950562354,-1.7907774958961349,24.95315789,-0.4,R,R,R,57.36,6.8785,1.147,2506.850098,0.08145406223511982,0.07127806099999999,0.047915668
